{
	"credit": "Made with Blockbench",
	"parent": "minecraft:item/handheld",
	"textures": {
		"layer0": "btl:item/frenzy_sword"
	},
	"display": {
		"thirdperson_righthand": {
			"rotation": [0, -90, 55],
			"translation": [0, 27, -4],
			"scale": [3, 3, 0.85]
		},
		"thirdperson_lefthand": {
			"rotation": [0, 90, -55],
			"translation": [0, 27, -4],
			"scale": [3, 3, 0.85]
		},
		"firstperson_righthand": {
			"rotation": [-20, -90, 25],
			"translation": [8, 20, -4],
			"scale": [2.5, 2.5, 0.68]
		},
		"firstperson_lefthand": {
			"rotation": [-20, 90, -25],
			"translation": [8, 20, -4],
			"scale": [2.5, 2.5, 0.68]
		},
		"ground": {
			"translation": [8, 10, 0],
			"scale": [1.5, 1.5, 0.5]
		},
		"gui": {
			"translation": [5, 24, 0],
			"scale": [4, 4, 1]
		},
		"fixed": {
			"rotation": [0, 180, 0],
			"translation": [-8.25, 8, 0],
			"scale": [2, 2, 1]
		}
	}
}