{
	"credit": "Made with Blockbench",
	"parent": "minecraft:item/handheld",
	"textures": {
		"layer0": "btl:item/katana"
	},
	"display": {
		"thirdperson_righthand": {
			"rotation": [0, -90, 55],
			"translation": [0, 10.5, -1.5],
			"scale": [1.5, 1.5, 0.85]
		},
		"thirdperson_lefthand": {
			"rotation": [0, 90, -55],
			"translation": [0, 10.5, -1.5],
			"scale": [1.5, 1.5, 0.85]
		},
		"firstperson_righthand": {
			"rotation": [-32, -90, 25],
			"translation": [4, 12, -2],
			"scale": [1.5, 1.5, 0.68]
		},
		"firstperson_lefthand": {
			"rotation": [-32, 90, -25],
			"translation": [4, 12, -2],
			"scale": [1.5, 1.5, 0.68]
		},
		"ground": {
			"translation": [3, 6, 0],
			"scale": [1, 1, 0.5]
		},
		"gui": {
			"translation": [-1, 8, 0],
			"scale": [2, 2, 1]
		},
		"fixed": {
			"rotation": [0, 180, 0],
			"translation": [-4, 4, 0],
			"scale": [1.5, 1.5, 1]
		}
	}
}