{
	"credit": "Made with Blockbench",
	"parent": "minecraft:item/handheld",
	"textures": {
		"layer0": "btl:item/kernel_blaster"
	},
	"display": {
		"thirdperson_righthand": {
			"rotation": [0, 90, 0],
			"translation": [0.5, 6, -2],
			"scale": [1.2, 1.2, 0.8]
		},
		"thirdperson_lefthand": {
			"rotation": [0, -90, 0],
			"translation": [0.5, 6, -2],
			"scale": [1.2, 1.2, 0.85]
		},
		"firstperson_righthand": {
			"rotation": [-5, 85, 15],
			"translation": [5, 9.5, -4.5],
			"scale": [1.5, 1.5, 0.68]
		},
		"firstperson_lefthand": {
			"rotation": [-5, -95, -15],
			"translation": [5, 9.5, -4.5],
			"scale": [1.5, 1.5, 0.68]
		},
		"ground": {
			"translation": [4, 6, 0],
			"scale": [1, 1, 0.5]
		},
		"gui": {
			"translation": [-8, -10, 0],
			"scale": [2, 2, 1]
		},
		"fixed": {
			"rotation": [0, 180, 0],
			"translation": [-3.5, 4, 0],
			"scale": [1.5, 1.5, 1]
		}
	}
}