{
	"credit": "Made with Blockbench",
	"parent": "minecraft:item/handheld",
	"textures": {
		"layer0": "btl:item/skull_staff"
	},
	"display": {
		"thirdperson_righthand": {
			"rotation": [0, 90, 60],
			"translation": [0, 11, 5],
			"scale": [1.5, 1.5, 0.85]
		},
		"thirdperson_lefthand": {
			"rotation": [0, -90, -60],
			"translation": [0, 11, 5],
			"scale": [1.5, 1.5, 0.85]
		},
		"firstperson_righthand": {
			"rotation": [-50, -90, 25],
			"translation": [5, 11, -4],
			"scale": [1.4, 1.4, 0.68]
		},
		"firstperson_lefthand": {
			"rotation": [-50, 90, -25],
			"translation": [5, 11, -4],
			"scale": [1.4, 1.4, 0.68]
		},
		"ground": {
			"translation": [4, 6, 0],
			"scale": [1, 1, 0.5]
		},
		"gui": {
			"translation": [-2, 8, 0],
			"scale": [2, 2, 1]
		},
		"fixed": {
			"rotation": [0, 180, 0],
			"translation": [-4, 4, 0],
			"scale": [1.5, 1.5, 1]
		}
	}
}