{
	"credit": "Made with Blockbench",
	"parent": "minecraft:item/handheld",
	"textures": {
		"layer0": "btl:item/snowbrush"
	},
	"display": {
		"thirdperson_righthand": {
			"rotation": [0, 90, 60],
			"translation": [0, 5, 3],
			"scale": [1, 1, 0.85]
		},
		"thirdperson_lefthand": {
			"rotation": [0, -90, -60],
			"translation": [0, 5, 3],
			"scale": [1, 1, 0.85]
		},
		"firstperson_righthand": {
			"rotation": [-50, -90, 25],
			"translation": [6.5, 4.5, -3.5],
			"scale": [0.8, 0.8, 0.68]
		},
		"firstperson_lefthand": {
			"rotation": [-50, 90, -25],
			"translation": [6.5, 4.5, -3.5],
			"scale": [0.8, 0.8, 0.68]
		},
		"ground": {
			"translation": [0, 2, 0],
			"scale": [0.5, 0.5, 0.5]
		},
		"fixed": {
			"rotation": [0, 180, 0]
		}
	}
}