{
  "display": {
    "icon": {
      "item": "minecraft:furnace",
      "nbt": "{CustomModelData:6540011}"
    },
    "title": "How About \"Chomper\"?",
    "description": "Craft a Dimensional Blender to reduce some of your junk items",
    "frame": "task",
    "show_toast": true,
    "announce_to_chat": true,
    "hidden": false
  },
  "parent": "btl:main/start_battle",
  "criteria": {
    "requirement": {
      "trigger": "minecraft:inventory_changed",
      "conditions": {
        "items": [
          {
            "nbt": "{btl:{block:{id:\"blender\"}}}"
          }
        ]
      }
    }
  }
}