{
  "criteria": {
    "killed_dragon": {
      "trigger": "minecraft:player_killed_entity",
      "conditions": {
        "entity": [
          {
            "condition": "minecraft:entity_properties",
            "entity": "this",
            "predicate": {
              "type": "minecraft:ender_dragon"
            }
          }
        ]
      }
    }
  },
  "requirements": [
    [
      "killed_dragon"
    ]
  ],
  "rewards": {
    "function": "btl:technical/event/dragon_killed"
  },
  "sends_telemetry_event": false
}