{
  "pools": [
    {
      "rolls": 1,
      "entries": [
        {
          "type": "minecraft:item",
          "name": "minecraft:warped_fungus_on_a_stick",
          "functions": [
            {
              "function": "minecraft:set_nbt",
              "tag": "{btl:{power:100,id:\"skull_staff\",type:2,event:\"none\"},display:{Name:'{\"translate\":\"item.btl.skull_staff\",\"italic\":false}'},HideFlags:6,Unbreakable:1b,CustomModelData:6540001}"
            },
            {
              "function": "minecraft:set_lore",
              "entity": "this",
              "lore": [
                {
                  "translate": "desc.btl.power",
                  "color": "dark_gray",
                  "italic": false,
                  "extra": [
                    {
                      "nbt": "lootBasePower",
                      "storage": "btl:temp",
                      "color": "#83FFFF"
                    }
                  ]
                },
                {
                  "text": " "
                },
                {
                  "translate": "desc.btl.item.skull_staff.part1",
                  "color": "gray",
                  "italic": false
                },
                {
                  "translate": "desc.btl.item.skull_staff.part2",
                  "color": "gray",
                  "italic": false
                },
                {
                  "text": " "
                },
                {
                  "translate": "desc.btl.mainhand",
                  "color": "gray",
                  "italic": false
                },
                {
                  "translate": "desc.btl.ranged_damage.9",
                  "color": "dark_green",
                  "italic": false
                },
                {
                  "translate": "desc.btl.reload_speed.12",
                  "color": "dark_green",
                  "italic": false
                },
                {
                  "translate": "\ua000 ",
                  "color": "white",
                  "font": "btl:tooltip",
                  "italic": false,
                  "extra": [
                    {
                      "translate": "btl.name",
                      "color": "#83FFFF",
                      "font": "default",
                      "italic": true
                    }
                  ]
                }
              ]
            },
            {
              "function": "minecraft:copy_nbt",
              "source": {
                "type": "minecraft:storage",
                "source": "btl:temp"
              },
              "ops": [
                {
                  "source": "lootBasePower",
                  "target": "btl.power",
                  "op": "replace"
                }
              ]
            }
          ]
        }
      ]
    }
  ]
}