{
	"texture_size": [32, 32],
	"textures": {
		"0": "btl:block/blender",
		"particle": "btl:block/blender"
	},
	"elements": [
		{
			"from": [5, 0, 5],
			"to": [11, 5, 11],
			"rotation": {"angle": 0, "axis": "y", "origin": [0, 4, 3]},
			"faces": {
				"north": {"uv": [0, 0, 3, 2.5], "texture": "#0"},
				"east": {"uv": [6, 0, 3, 2.5], "texture": "#0"},
				"south": {"uv": [6, 0, 9, 2.5], "texture": "#0"},
				"west": {"uv": [3, 0, 6, 2.5], "texture": "#0"},
				"up": {"uv": [0, 0, 0.5, 0.5], "texture": "#0"},
				"down": {"uv": [9, 10, 12, 13], "texture": "#0"}
			}
		},
		{
			"from": [5, 6, 8],
			"to": [11, 9, 8],
			"faces": {
				"north": {"uv": [0, 8.5, 3, 10], "texture": "#0"},
				"east": {"uv": [0, 0, 0, 1.5], "texture": "#0"},
				"south": {"uv": [0, 8.5, 3, 10], "texture": "#0"},
				"west": {"uv": [0, 0, 0, 1.5], "texture": "#0"},
				"up": {"uv": [0, 0, 3, 0], "texture": "#0"},
				"down": {"uv": [0, 0, 3, 0], "texture": "#0"}
			}
		},
		{
			"from": [8, 6, 5],
			"to": [8, 9, 11],
			"faces": {
				"north": {"uv": [0, 0, 0, 1.5], "texture": "#0"},
				"east": {"uv": [0, 8.5, 3, 10], "texture": "#0"},
				"south": {"uv": [0, 0, 0, 1.5], "texture": "#0"},
				"west": {"uv": [0, 8.5, 3, 10], "texture": "#0"},
				"up": {"uv": [0, 0, 0, 3], "texture": "#0"},
				"down": {"uv": [0, 0, 0, 3], "texture": "#0"}
			}
		},
		{
			"from": [4, 5, 4],
			"to": [12, 17, 12],
			"faces": {
				"north": {"uv": [4, 2.5, 8, 8.5], "texture": "#0"},
				"east": {"uv": [0, 2.5, 4, 8.5], "texture": "#0"},
				"south": {"uv": [8, 2.5, 4, 8.5], "texture": "#0"},
				"west": {"uv": [0, 2.5, 4, 8.5], "texture": "#0"},
				"up": {"uv": [8, 2.5, 12, 6.5], "texture": "#0"},
				"down": {"uv": [8, 2.5, 12, 6.5], "texture": "#0"}
			}
		},
		{
			"from": [11.99, 16.99, 11.99],
			"to": [4.01, 5.01, 4.01],
			"faces": {
				"north": {"uv": [4, 2.5, 8, 8.5], "texture": "#0"},
				"east": {"uv": [0, 2.5, 4, 8.5], "texture": "#0"},
				"south": {"uv": [8, 2.5, 4, 8.5], "texture": "#0"},
				"west": {"uv": [0, 2.5, 4, 8.5], "texture": "#0"},
				"up": {"uv": [8, 2.5, 12, 6.5], "texture": "#0"},
				"down": {"uv": [8, 2.5, 12, 6.5], "texture": "#0"}
			}
		},
		{
			"from": [5, 15.5, 5],
			"to": [11, 18.5, 11],
			"faces": {
				"north": {"uv": [6, 8.5, 9, 10], "texture": "#0"},
				"east": {"uv": [12, 8.5, 9, 10], "texture": "#0"},
				"south": {"uv": [12, 8.5, 15, 10], "texture": "#0"},
				"west": {"uv": [9, 8.5, 12, 10], "texture": "#0"},
				"up": {"uv": [6, 10, 9, 13], "texture": "#0"},
				"down": {"uv": [9, 10, 12, 13], "texture": "#0"}
			}
		},
		{
			"from": [1, 7, 7],
			"to": [4, 9, 9],
			"faces": {
				"north": {"uv": [12, 5.5, 13.5, 6.5], "texture": "#0"},
				"east": {"uv": [12, 5.5, 12.5, 6.5], "texture": "#0"},
				"south": {"uv": [13.5, 5.5, 12, 6.5], "texture": "#0"},
				"west": {"uv": [13.5, 5.5, 14.5, 6.5], "texture": "#0"},
				"up": {"uv": [12, 2.5, 12.5, 3], "texture": "#0"},
				"down": {"uv": [13, 4, 13.5, 4.5], "texture": "#0"}
			}
		},
		{
			"from": [1, 13, 7],
			"to": [4, 15, 9],
			"faces": {
				"north": {"uv": [12, 2.5, 13.5, 3.5], "texture": "#0"},
				"east": {"uv": [12, 2.5, 12.5, 3.5], "texture": "#0"},
				"south": {"uv": [13.5, 2.5, 12, 3.5], "texture": "#0"},
				"west": {"uv": [13.5, 2.5, 14.5, 3.5], "texture": "#0"},
				"up": {"uv": [12, 2.5, 12.5, 3], "texture": "#0"},
				"down": {"uv": [12, 3, 12.5, 3.5], "texture": "#0"}
			}
		},
		{
			"from": [1, 9, 7],
			"to": [3, 13, 9],
			"faces": {
				"north": {"uv": [12.5, 3.5, 13.5, 5.5], "texture": "#0"},
				"east": {"uv": [12.5, 3.5, 13, 5.5], "texture": "#0"},
				"south": {"uv": [13.5, 3.5, 12.5, 5.5], "texture": "#0"},
				"west": {"uv": [13.5, 3.5, 14.5, 5.5], "texture": "#0"},
				"up": {"uv": [0, 0, 1, 1], "texture": "#0"},
				"down": {"uv": [0, 0, 1, 1], "texture": "#0"}
			}
		},
		{
			"from": [4.98, 4.98, 4.98],
			"to": [11.02, 6.02, 11.02],
			"faces": {
				"north": {"uv": [0, 10, 3, 10.5], "texture": "#0"},
				"east": {"uv": [0, 10, 3, 10.5], "texture": "#0"},
				"south": {"uv": [0, 10, 3, 10.5], "texture": "#0"},
				"west": {"uv": [0, 10, 3, 10.5], "texture": "#0"},
				"up": {"uv": [3, 8.5, 6, 11.5], "texture": "#0"},
				"down": {"uv": [5, 8.5, 5.5, 9], "texture": "#0"}
			}
		}
	],
	"display": {
		"thirdperson_righthand": {
			"rotation": [75, 45, 0],
			"translation": [0, 1.5, 0],
			"scale": [0.375, 0.375, 0.375]
		},
		"thirdperson_lefthand": {
			"rotation": [75, 45, 0],
			"translation": [0, 1.5, 0],
			"scale": [0.375, 0.375, 0.375]
		},
		"firstperson_righthand": {
			"rotation": [0, 45, 0],
			"translation": [2, 0.5, 0],
			"scale": [0.4, 0.4, 0.4]
		},
		"firstperson_lefthand": {
			"rotation": [0, 225, 0],
			"translation": [2, 0.5, 0],
			"scale": [0.4, 0.4, 0.4]
		},
		"ground": {
			"translation": [0, 3, 0],
			"scale": [0.325, 0.325, 0.325]
		},
		"gui": {
			"rotation": [30, 225, 0],
			"translation": [0, -1, 0],
			"scale": [0.625, 0.625, 0.625]
		},
		"fixed": {
			"translation": [0, -1.5, 0],
			"scale": [0.8, 0.8, 0.8]
		}
	},
	"groups": [
		{
			"name": "blender",
			"origin": [0, 0, 0],
			"color": 0,
			"nbt": "{}",
			"children": [
				0,
				{
					"name": "head",
					"origin": [0, 1, 1],
					"color": 0,
					"nbt": "{}",
					"children": [
						{
							"name": "glass",
							"origin": [0, 5, 0],
							"color": 0,
							"nbt": "{}",
							"children": [
								{
									"name": "blades",
									"origin": [0, 6, 0],
									"color": 0,
									"nbt": "{}",
									"children": [1, 2]
								},
								3,
								4,
								5,
								{
									"name": "handle",
									"origin": [0, 0, 0],
									"color": 0,
									"nbt": "{}",
									"children": [6, 7, 8]
								}
							]
						},
						9
					]
				}
			]
		}
	]
}