{
	"texture_size": [32, 32],
	"textures": {
		"0": "btl:block/fusion_pedestal",
		"particle": "btl:block/fusion_pedestal"
	},
	"elements": [
		{
			"from": [0, 12, 0],
			"to": [16, 16, 16],
			"faces": {
				"north": {"uv": [0, 0, 8, 2], "texture": "#0"},
				"east": {"uv": [0, 0, 8, 2], "texture": "#0"},
				"south": {"uv": [0, 0, 8, 2], "texture": "#0"},
				"west": {"uv": [0, 0, 8, 2], "texture": "#0"},
				"up": {"uv": [8, 0, 16, 8], "texture": "#0"},
				"down": {"uv": [8, 8, 16, 16], "texture": "#0"}
			}
		},
		{
			"name": "inverse",
			"from": [0.01, 12.01, 0.01],
			"to": [15.99, 8.99, 15.99],
			"faces": {
				"north": {"uv": [0, 9.5, 8, 8], "texture": "#0"},
				"east": {"uv": [0, 9.5, 8, 8], "texture": "#0"},
				"south": {"uv": [0, 9.5, 8, 8], "texture": "#0"},
				"west": {"uv": [0, 9.5, 8, 8], "texture": "#0"}
			}
		},
		{
			"from": [0, 9, 0],
			"to": [16, 12, 16],
			"faces": {
				"north": {"uv": [0, 8, 8, 9.5], "texture": "#0"},
				"east": {"uv": [0, 8, 8, 9.5], "texture": "#0"},
				"south": {"uv": [0, 8, 8, 9.5], "texture": "#0"},
				"west": {"uv": [0, 8, 8, 9.5], "texture": "#0"}
			}
		},
		{
			"from": [2, 0, 2],
			"to": [14, 4, 14],
			"faces": {
				"north": {"uv": [1, 6, 7, 8], "texture": "#0"},
				"east": {"uv": [1, 6, 7, 8], "texture": "#0"},
				"south": {"uv": [1, 6, 7, 8], "texture": "#0"},
				"west": {"uv": [1, 6, 7, 8], "texture": "#0"},
				"up": {"uv": [0, 9.5, 6, 15.5], "texture": "#0"},
				"down": {"uv": [9, 9, 15, 15], "texture": "#0"}
			}
		},
		{
			"from": [4, 4, 4],
			"to": [12, 12, 12],
			"faces": {
				"north": {"uv": [2, 2, 6, 6], "texture": "#0"},
				"east": {"uv": [2, 2, 6, 6], "texture": "#0"},
				"south": {"uv": [2, 2, 6, 6], "texture": "#0"},
				"west": {"uv": [2, 2, 6, 6], "texture": "#0"},
				"up": {"uv": [10, 10, 14, 14], "texture": "#0"},
				"down": {"uv": [10, 10, 14, 14], "texture": "#0"}
			}
		}
	],
	"display": {
		"thirdperson_righthand": {
			"rotation": [75, 45, 0],
			"translation": [0, 2.5, 0],
			"scale": [0.375, 0.375, 0.375]
		},
		"thirdperson_lefthand": {
			"rotation": [75, 45, 0],
			"translation": [0, 2.5, 0],
			"scale": [0.375, 0.375, 0.375]
		},
		"firstperson_righthand": {
			"rotation": [0, 45, 0],
			"scale": [0.4, 0.4, 0.4]
		},
		"firstperson_lefthand": {
			"rotation": [0, 225, 0],
			"scale": [0.4, 0.4, 0.4]
		},
		"ground": {
			"translation": [0, 3, 0],
			"scale": [0.25, 0.25, 0.25]
		},
		"gui": {
			"rotation": [30, 225, 0],
			"translation": [0, -0.5, 0],
			"scale": [0.625, 0.625, 0.625]
		},
		"head": {
			"rotation": [0, 180, 0]
		},
		"fixed": {
			"scale": [0.5, 0.5, 0.5]
		}
	}
}