{
  "criteria": {
    "interact": {
      "trigger": "minecraft:player_interacted_with_entity",
      "conditions": {
        "item": {
          "nbt": "{btl:{fusioncat:1b}}"
        },
        "entity": [
          {
            "condition": "minecraft:entity_properties",
            "entity": "this",
            "predicate": {
              "nbt": "{Tags:[\"btl.b.fusion_core\"]}"
            }
          }
        ]
      }
    }
  },
  "requirements": [
    [
      "interact"
    ]
  ],
  "rewards": {
    "function": "btl:e/player/event/block/activate_core"
  },
  "sends_telemetry_event": false
}