{
  "pools": [
    {
      "rolls": 1,
      "entries": [
        {
          "type": "minecraft:loot_table",
          "name": "btl:item/chilly_cowl"
        },
        {
          "type": "minecraft:loot_table",
          "name": "btl:item/snowbrush"
        },
        {
          "type": "minecraft:loot_table",
          "name": "btl:item/frigid_bow"
        }
      ]
    },
    {
      "rolls": 4,
      "entries": [
        {
          "type": "minecraft:loot_table",
		  "weight": 4,
          "name": "btl:item/marble_chunk"
        },
        {
          "type": "minecraft:loot_table",
		  "weight": 1,
          "name": "btl:item/blue_portalstone"
        },
        {
          "type": "minecraft:loot_table",
		  "weight": 2,
          "name": "btl:item/fusion_catalyst"
        },
        {
          "type": "minecraft:loot_table",
		  "weight": 3,
          "name": "btl:item/dimensional_log"
        }
      ]
    },
    {
      "rolls": 1,
      "entries": [
        {
          "type": "minecraft:loot_table",
		  "weight": 3,
          "name": "btl:item/fabric_of_reality"
        },
        {
          "type": "minecraft:loot_table",
		  "weight": 1,
          "name": "btl:item/silver_nugget"
        },
        {
          "type": "minecraft:loot_table",
		  "weight": 1,
          "name": "btl:item/marble_chunk"
        }
      ]
    }
  ]
}