{
	"ui.error": {
		"sounds": [
			{
				"name": "btl:ui/error"
			}
		]
	},
	"music.bonus.fight_01": {
		"sounds": [
			{
				"name": "btl:music/bonus_wave/fight_01",
				"preload": true,
				"streaming": true
			}
		]
	},
	"music.blue.boss": {
		"sounds": [
			{
				"name": "btl:music/blue/boss",
				"preload": true,
				"streaming": true
			}
		]
	},
	"fx.bonus.start": {
		"sounds": [
			{
				"name": "btl:event/bonus_wave/start"
			}
		]
	},
	"item.icebound_edge.swing": {
		"sounds": [
			{
				"name": "btl:item/icebound_edge/icecrunch_1"},
				{"name": "btl:item/icebound_edge/icecrunch_2"},
				{"name": "btl:item/icebound_edge/icecrunch_3"
			}
		]
	},
	"item.kernel_blaster.shoot": {
		"sounds": [
			{
				"name": "btl:item/kernel_blaster/shoot1"},
				{"name": "btl:item/kernel_blaster/shoot2"},
				{"name": "btl:item/kernel_blaster/shoot3"
			}
		]
	},
	"entity.yeti.grunt": {
		"sounds": [
			{
				"name": "btl:entity/yeti/grunt/yeti1"},
				{"name": "btl:entity/yeti/grunt/yeti2"},
				{"name": "btl:entity/yeti/grunt/yeti3"
			}
		]
	},
	"entity.yeti.stomp": {
		"sounds": [
			{
				"name": "btl:entity/yeti/stomp"
			}
		]
	},
	"entity.chillager.spell": {
		"sounds": [
			{
				"name": "btl:entity/chillager/spell1"},
				{"name": "btl:entity/chillager/spell2"
			}
		]
	},
	"entity.prj.ice_chunk.hit": {
		"sounds": [
			{
				"name": "btl:entity/prj/ice_chunk/hit1"
			}
		]
	},
	"block.dimensional_door.spawn": {
		"sounds": [
			{
				"name": "btl:block/door/put_door"
			}
		]
	},
	"block.dimensional_door.knock_wood": {
	"sounds": [
			{
				"name": "btl:block/door/wood/knock1"},
				{"name": "btl:block/door/wood/knock2"},
				{"name": "btl:block/door/wood/knock3"},
				{"name": "btl:block/door/wood/knock4"
			}
		]
	},
		"block.dimensional_blender.vocalize": {
		"sounds": [
		{
			"name": "btl:block/blender/vocal2",
			"pitch": 1.05
		},
		{
			"name": "btl:block/blender/vocal2"
		},
		{
			"name": "btl:block/blender/vocal2",
			"pitch": 0.95
		}
		]
	},
	"block.dimensional_blender.activate": {
	"sounds": [
			{
				"name": "btl:block/blender/activate"
			}
		]
	}
}