{
	"parent": "item/generated",
	"textures": {
		"layer0": "item/leather_boots",
        "layer1": "item/leather_boots_overlay"
	},
	"overrides": [
		{"predicate": {"custom_model_data": 6540000, "damage": 0}, "model": "btl:item/empty"}, {"predicate": {"custom_model_data": 6540000, "damage": 0.01538}, "model": "btl:block/door/default/put_door"}, {"predicate": {"custom_model_data": 6540000, "damage": 0.03076}, "model": "btl:block/door/default/open"},  {"predicate": {"custom_model_data": 6540000, "damage": 0.04615}, "model": "btl:block/door/default/open_loop"},
		{"predicate": {"custom_model_data": 6540000, "damage": 0.06153}, "model": "btl:block/door/default/close"}, {"predicate": {"custom_model_data": 6540000, "damage": 0.07692}, "model": "btl:block/door/default/close_loop"}, {"predicate": {"custom_model_data": 6540000, "damage": 0.09230}, "model": "btl:block/door/default/celebrate"}, {"predicate": {"custom_model_data": 6540000, "damage": 0.10769}, "model": "btl:block/door/default/celebrate_close"}, {"predicate": {"custom_model_data": 6540000, "damage": 0.12307}, "model": "btl:block/door/default/open_fail"}, {"predicate": {"custom_model_data": 6540000, "damage": 0.13846}, "model": "btl:block/door/default/spawn_boss"},
	
		{"predicate": {"custom_model_data": 6540001, "damage": 0}, "model": "btl:block/doorframe/stone_1/tpose"}, {"predicate": {"custom_model_data": 6540001, "damage": 0.01538}, "model": "btl:block/doorframe/stone_1/put_door"}, {"predicate": {"custom_model_data": 6540001, "damage": 0.03076}, "model": "btl:block/doorframe/stone_1/open"},  {"predicate": {"custom_model_data": 6540001, "damage": 0.04615}, "model": "btl:block/doorframe/stone_1/open_loop"},
		{"predicate": {"custom_model_data": 6540001, "damage": 0.06153}, "model": "btl:block/doorframe/stone_1/close"}, {"predicate": {"custom_model_data": 6540001, "damage": 0.07692}, "model": "btl:block/doorframe/stone_1/close_loop"}, {"predicate": {"custom_model_data": 6540001, "damage": 0.09230}, "model": "btl:block/doorframe/stone_1/celebrate"}, {"predicate": {"custom_model_data": 6540001, "damage": 0.10769}, "model": "btl:block/doorframe/stone_1/celebrate_close"}, {"predicate": {"custom_model_data": 6540001, "damage": 0.12307}, "model": "btl:block/doorframe/stone_1/open_fail"}, {"predicate": {"custom_model_data": 6540001, "damage": 0.13846}, "model": "btl:block/doorframe/stone_1/spawn_boss"},
		
		{"predicate": {"custom_model_data": 6540002, "damage": 0}, "model": "btl:block/doorframe/stone_2/tpose"}, {"predicate": {"custom_model_data": 6540002, "damage": 0.01538}, "model": "btl:block/doorframe/stone_2/put_door"}, {"predicate": {"custom_model_data": 6540002, "damage": 0.03076}, "model": "btl:block/doorframe/stone_2/open"},  {"predicate": {"custom_model_data": 6540002, "damage": 0.04615}, "model": "btl:block/doorframe/stone_2/open_loop"},
		{"predicate": {"custom_model_data": 6540002, "damage": 0.06153}, "model": "btl:block/doorframe/stone_2/close"}, {"predicate": {"custom_model_data": 6540002, "damage": 0.07692}, "model": "btl:block/doorframe/stone_2/close_loop"}, {"predicate": {"custom_model_data": 6540002, "damage": 0.09230}, "model": "btl:block/doorframe/stone_2/celebrate"}, {"predicate": {"custom_model_data": 6540002, "damage": 0.10769}, "model": "btl:block/doorframe/stone_2/celebrate_close"}, {"predicate": {"custom_model_data": 6540002, "damage": 0.12307}, "model": "btl:block/doorframe/stone_2/open_fail"}, {"predicate": {"custom_model_data": 6540002, "damage": 0.13846}, "model": "btl:block/doorframe/stone_2/spawn_boss"},
		
		{"predicate": {"custom_model_data": 6540003, "damage": 0}, "model": "btl:block/doorframe/stone_3/tpose"}, {"predicate": {"custom_model_data": 6540003, "damage": 0.01538}, "model": "btl:block/doorframe/stone_3/put_door"}, {"predicate": {"custom_model_data": 6540003, "damage": 0.03076}, "model": "btl:block/doorframe/stone_3/open"},  {"predicate": {"custom_model_data": 6540003, "damage": 0.04615}, "model": "btl:block/doorframe/stone_3/open_loop"},
		{"predicate": {"custom_model_data": 6540003, "damage": 0.06153}, "model": "btl:block/doorframe/stone_3/close"}, {"predicate": {"custom_model_data": 6540003, "damage": 0.07692}, "model": "btl:block/doorframe/stone_3/close_loop"}, {"predicate": {"custom_model_data": 6540003, "damage": 0.09230}, "model": "btl:block/doorframe/stone_3/celebrate"}, {"predicate": {"custom_model_data": 6540003, "damage": 0.10769}, "model": "btl:block/doorframe/stone_3/celebrate_close"}, {"predicate": {"custom_model_data": 6540003, "damage": 0.12307}, "model": "btl:block/doorframe/stone_3/open_fail"}, {"predicate": {"custom_model_data": 6540003, "damage": 0.13846}, "model": "btl:block/doorframe/stone_3/spawn_boss"},
		
		{"predicate": {"custom_model_data": 6541000, "damage": 0}, "model": "btl:item/empty"}, {"predicate": {"custom_model_data": 6541000, "damage": 0.01538}, "model": "btl:item/empty"}, {"predicate": {"custom_model_data": 6541000, "damage": 0.03076}, "model": "btl:block/portal/blue/open"},  {"predicate": {"custom_model_data": 6541000, "damage": 0.04615}, "model": "btl:block/portal/blue/open_loop"},
		{"predicate": {"custom_model_data": 6541000, "damage": 0.06153}, "model": "btl:block/portal/blue/close"}, {"predicate": {"custom_model_data": 6541000, "damage": 0.07692}, "model": "btl:block/portal/blue/close_loop"}, {"predicate": {"custom_model_data": 6541000, "damage": 0.09230}, "model": "btl:block/portal/blue/celebrate"}, {"predicate": {"custom_model_data": 6541000, "damage": 0.10769}, "model": "btl:block/portal/blue/celebrate_close"}, {"predicate": {"custom_model_data": 6540004, "damage": 0.12307}, "model": "btl:item/empty"}, {"predicate": {"custom_model_data": 6540004, "damage": 0.13846}, "model": "btl:block/portal/blue/spawn_boss"},
		
		{"predicate": {"custom_model_data": 6541501, "damage": 0}, "model": "btl:block/chest/default/throwup"}, {"predicate": {"custom_model_data": 6541501, "damage": 0.01538}, "model": "btl:block/chest/default/idle"},  {"predicate": {"custom_model_data": 6541501, "damage": 0.03076}, "model": "btl:block/chest/default/open"},
		
		{"predicate": {"custom_model_data": 6542000, "damage": 0}, "model": "btl:block/blender/idle"}, {"predicate": {"custom_model_data": 6542000, "damage": 0.01538}, "model": "btl:block/blender/blend"}, {"predicate": {"custom_model_data": 6542000, "damage": 0.03076}, "model": "btl:block/blender/spit_in"},  {"predicate": {"custom_model_data": 6542000, "damage": 0.04615}, "model": "btl:block/blender/spit"}, {"predicate": {"custom_model_data": 6542000, "damage": 0.06153}, "model": "btl:block/blender/end"}, {"predicate": {"custom_model_data": 6542000, "damage": 0.07692}, "model": "btl:block/blender/idle_open"}
	]
}