{
	"parent": "item/generated",
	"textures": {
		"layer0": "item/leather_helmet",
        "layer1": "item/leather_helmet_overlay"
	},
	"overrides": [
		{"predicate": {"custom_model_data": 6540000}, "model": "btl:item/empty"},
	
		{"predicate": {"custom_model_data": 6540001, "damage": 0}, "model": "btl:item/empty"}, {"predicate": {"custom_model_data": 6540001, "damage": 0.03636}, "model": "btl:block/portalstone/1/blue/open"},  {"predicate": {"custom_model_data": 6540001, "damage": 0.05454}, "model": "btl:block/portalstone/1/blue/open_loop"},
		{"predicate": {"custom_model_data": 6540001, "damage": 0.07272}, "model": "btl:block/portalstone/1/blue/close"}, {"predicate": {"custom_model_data": 6540001, "damage": 0.09090}, "model": "btl:block/portalstone/1/blue/close_loop"}, {"predicate": {"custom_model_data": 6540001, "damage": 0.10911}, "model": "btl:block/portalstone/1/blue/celebrate"}, {"predicate": {"custom_model_data": 6540001, "damage": 0.14545}, "model": "btl:block/portalstone/1/blue/open_fail"}, {"predicate": {"custom_model_data": 6540001, "damage": 0.16363}, "model": "btl:block/portalstone/1/blue/spawn_boss"},
		
		{"predicate": {"custom_model_data": 6541001, "damage": 0}, "model": "btl:item/empty"}, {"predicate": {"custom_model_data": 6541001, "damage": 0.03636}, "model": "btl:block/portalstone/2/blue/open"},  {"predicate": {"custom_model_data": 6541001, "damage": 0.05454}, "model": "btl:block/portalstone/2/blue/open_loop"},
		{"predicate": {"custom_model_data": 6541001, "damage": 0.07272}, "model": "btl:block/portalstone/2/blue/close"}, {"predicate": {"custom_model_data": 6541001, "damage": 0.09090}, "model": "btl:block/portalstone/2/blue/close_loop"}, {"predicate": {"custom_model_data": 6541001, "damage": 0.10911}, "model": "btl:block/portalstone/2/blue/celebrate"}, {"predicate": {"custom_model_data": 6541001, "damage": 0.14545}, "model": "btl:block/portalstone/2/blue/open_fail"}, {"predicate": {"custom_model_data": 6541001, "damage": 0.16363}, "model": "btl:block/portalstone/2/blue/spawn_boss"},
		
		{"predicate": {"custom_model_data": 6542001, "damage": 0}, "model": "btl:item/empty"}, {"predicate": {"custom_model_data": 6542001, "damage": 0.03636}, "model": "btl:block/portalstone/3/blue/open"},  {"predicate": {"custom_model_data": 6542001, "damage": 0.05454}, "model": "btl:block/portalstone/3/blue/open_loop"},
		{"predicate": {"custom_model_data": 6542001, "damage": 0.07272}, "model": "btl:block/portalstone/3/blue/close"}, {"predicate": {"custom_model_data": 6542001, "damage": 0.09090}, "model": "btl:block/portalstone/3/blue/close_loop"}, {"predicate": {"custom_model_data": 6542001, "damage": 0.10911}, "model": "btl:block/portalstone/3/blue/celebrate"}, {"predicate": {"custom_model_data": 6542001, "damage": 0.14545}, "model": "btl:block/portalstone/3/blue/open_fail"}, {"predicate": {"custom_model_data": 6542001, "damage": 0.16363}, "model": "btl:block/portalstone/3/blue/spawn_boss"}
	]
}