{
	"parent": "item/generated",
	"textures": {
		"layer0": "item/leather_horse_armor"
	},
	"overrides": [
		{"predicate": {"custom_model_data": 6540000}, "model": "btl:item/projectile/bomb"},
		{"predicate": {"custom_model_data": 6540007}, "model": "btl:item/projectile/snowflake/1"},
		{"predicate": {"custom_model_data": 6540008}, "model": "btl:item/projectile/snowflake/2"},
		{"predicate": {"custom_model_data": 6540009}, "model": "btl:item/projectile/snowflake/3"},
		{"predicate": {"custom_model_data": 6540010}, "model": "btl:item/projectile/avalanche/ice"},
		{"predicate": {"custom_model_data": 6540011}, "model": "btl:item/projectile/avalanche/snow"},
		{"predicate": {"custom_model_data": 6540012}, "model": "btl:item/projectile/ice_chunk/summon"},
		{"predicate": {"custom_model_data": 6540013}, "model": "btl:item/projectile/ice_chunk/fall"},
		{"predicate": {"custom_model_data": 6541001}, "model": "btl:item/projectile/gravestone"}
	]
}