{"elements":[{"from":[8,0,8],"to":[8.000001,1e-06,8.000001],"faces":{"north":{"uv":[0.025,0.1375,0.225,0.2375],"texture":"#0","tintindex":0}}},{"from":[8,0,8],"to":[8.000001,1e-06,8.000001],"faces":{"north":{"uv":[0.275,0.1375,0.475,0.2375],"texture":"#0","tintindex":0}}},{"from":[8,0,8],"to":[8.000001,1e-06,8.000001],"faces":{"north":{"uv":[0.525,0.1375,0.725,0.2375],"texture":"#0","tintindex":0}}},{"from":[8,0,8],"to":[8.000001,1e-06,8.000001],"faces":{"north":{"uv":[0.775,0.1375,0.975,0.2375],"texture":"#0","tintindex":0}}},{"from":[8,0,8],"to":[8.000001,1e-06,8.000001],"faces":{"north":{"uv":[1.025,0.1375,1.225,0.2375],"texture":"#0","tintindex":0}}},{"from":[8,0,8],"to":[8.000001,1e-06,8.000001],"faces":{"north":{"uv":[1.275,0.1375,1.475,0.2375],"texture":"#0","tintindex":0}}},{"from":[8,0,8],"to":[8.000001,1e-06,8.000001],"faces":{"north":{"uv":[1.525,0.1375,1.725,0.2375],"texture":"#0","tintindex":0}}},{"from":[8,0,8],"to":[8.000001,1e-06,8.000001],"faces":{"north":{"uv":[1.775,0.1375,1.975,0.2375],"texture":"#0","tintindex":0}}},{"from":[8,0,8],"to":[8.000001,1e-06,8.000001],"faces":{"north":{"uv":[2.025,0.1375,2.225,0.2375],"texture":"#0","tintindex":0}}},{"from":[8,0,8],"to":[8.000001,1e-06,8.000001],"faces":{"north":{"uv":[2.275,0.1375,2.475,0.2375],"texture":"#0","tintindex":0}}},{"from":[8,0,8],"to":[8.000001,1e-06,8.000001],"faces":{"north":{"uv":[2.525,0.1375,2.725,0.2375],"texture":"#0","tintindex":0}}},{"from":[8,0,8],"to":[8.000001,1e-06,8.000001],"faces":{"north":{"uv":[2.775,0.1375,2.975,0.2375],"texture":"#0","tintindex":0}}}],"display":{"thirdperson_righthand":{"rotation":[85,0,0]},"thirdperson_lefthand":{"rotation":[85,0,0]}}}